{
  "matrixA": [
    [4, 12, -16],
    [12, 37, -43],
    [-16, -43, 98]
  ],
  "vectorB": [
    1,
    2,
    3
  ],
  "matrixG": [
    [2, 0, 0],
    [6, 1, 0],
    [-8, 5, 3]
  ],
  "matrixGT": [
    [2, 6, -8],
    [0, 1, 5],
    [0, 0, 3]
  ],
  "vectorY": [
    0.5,
    -1,
    4
  ],
  "vectorX": [
    28.5833,
    -7.66667,
    1.33333
  ],
  "determinant": 36
}