{
  "matrixA": [
    [10, 2, -1],
    [1, 5, 1],
    [2, 3, 10]
  ],
  "vectorB": [
    7,
    -8,
    6
  ],
  "vectorX": [
    1.2042860952,
    -2.03491539344,
    0.9696173989919998
  ],
  "iterations": 4,
  "determinant": 461
}